image_path,perturbation,original_pred,original_conf,perturbed_pred,perturbed_conf,prediction_flipped,confidence_delta
data/SkinDisease/SkinDisease/test/Moles/atypical-nevi-trunk-14.jpeg,brightness_+40%,Moles,0.9989128112792969,Moles,0.8651310205459595,False,-0.1337817907333374
data/SkinDisease/SkinDisease/test/Moles/atypical-nevi-trunk-14.jpeg,contrast_+40%,Moles,0.9989128112792969,Moles,0.9953008890151978,False,-0.003611922264099121
data/SkinDisease/SkinDisease/test/Moles/atypical-nevi-trunk-14.jpeg,rotation_10deg,Moles,0.9989128112792969,Moles,0.999424934387207,False,0.0005121231079101562
data/SkinDisease/SkinDisease/test/Moles/atypical-nevi-trunk-14.jpeg,downscale_upscale_0.5x,Moles,0.9989128112792969,Moles,0.8985912203788757,False,-0.10032159090042114
data/SkinDisease/SkinDisease/test/Moles/atypical-nevi-trunk-14.jpeg,jpeg_quality_30,Moles,0.9989128112792969,Moles,0.9941552877426147,False,-0.004757523536682129
data/SkinDisease/SkinDisease/test/Vasculitis/vasculitis-88.jpeg,brightness_+40%,Vasculitis,0.9291581511497498,Vasculitis,0.8882091641426086,False,-0.04094898700714111
data/SkinDisease/SkinDisease/test/Vasculitis/vasculitis-88.jpeg,contrast_+40%,Vasculitis,0.9291581511497498,Vasculitis,0.976137101650238,False,0.04697895050048828
data/SkinDisease/SkinDisease/test/Vasculitis/vasculitis-88.jpeg,rotation_10deg,Vasculitis,0.9291581511497498,Vasculitis,0.9945735335350037,False,0.0654153823852539
data/SkinDisease/SkinDisease/test/Vasculitis/vasculitis-88.jpeg,downscale_upscale_0.5x,Vasculitis,0.9291581511497498,Vasculitis,0.935399055480957,False,0.006240904331207275
data/SkinDisease/SkinDisease/test/Vasculitis/vasculitis-88.jpeg,jpeg_quality_30,Vasculitis,0.9291581511497498,Bullous,0.5982957482337952,True,-0.3308624029159546
data/SkinDisease/SkinDisease/test/Unknown_Normal/254_jpg.rf.1d7ce799f366505919beb008b08be4ca.jpeg,brightness_+40%,Unknown_Normal,0.9999523162841797,Unknown_Normal,0.9999421834945679,False,-1.0132789611816406e-05
data/SkinDisease/SkinDisease/test/Unknown_Normal/254_jpg.rf.1d7ce799f366505919beb008b08be4ca.jpeg,contrast_+40%,Unknown_Normal,0.9999523162841797,Unknown_Normal,0.9997757077217102,False,-0.00017660856246948242
data/SkinDisease/SkinDisease/test/Unknown_Normal/254_jpg.rf.1d7ce799f366505919beb008b08be4ca.jpeg,rotation_10deg,Unknown_Normal,0.9999523162841797,Unknown_Normal,0.9998001456260681,False,-0.00015217065811157227
data/SkinDisease/SkinDisease/test/Unknown_Normal/254_jpg.rf.1d7ce799f366505919beb008b08be4ca.jpeg,downscale_upscale_0.5x,Unknown_Normal,0.9999523162841797,Unknown_Normal,0.9999573230743408,False,5.0067901611328125e-06
data/SkinDisease/SkinDisease/test/Unknown_Normal/254_jpg.rf.1d7ce799f366505919beb008b08be4ca.jpeg,jpeg_quality_30,Unknown_Normal,0.9999523162841797,Unknown_Normal,0.9999551773071289,False,2.86102294921875e-06
data/SkinDisease/SkinDisease/test/Lupus/2528__ProtectWyJQcm90ZWN0Il0_FocusFillWzI5NCwyMjIsInkiLDNd.jpeg,brightness_+40%,Lupus,0.8701360821723938,Lupus,0.7942107319831848,False,-0.07592535018920898
data/SkinDisease/SkinDisease/test/Lupus/2528__ProtectWyJQcm90ZWN0Il0_FocusFillWzI5NCwyMjIsInkiLDNd.jpeg,contrast_+40%,Lupus,0.8701360821723938,Lupus,0.9130341410636902,False,0.04289805889129639
data/SkinDisease/SkinDisease/test/Lupus/2528__ProtectWyJQcm90ZWN0Il0_FocusFillWzI5NCwyMjIsInkiLDNd.jpeg,rotation_10deg,Lupus,0.8701360821723938,Lupus,0.9475821256637573,False,0.07744604349136353
data/SkinDisease/SkinDisease/test/Lupus/2528__ProtectWyJQcm90ZWN0Il0_FocusFillWzI5NCwyMjIsInkiLDNd.jpeg,downscale_upscale_0.5x,Lupus,0.8701360821723938,Lupus,0.9528855681419373,False,0.08274948596954346
data/SkinDisease/SkinDisease/test/Lupus/2528__ProtectWyJQcm90ZWN0Il0_FocusFillWzI5NCwyMjIsInkiLDNd.jpeg,jpeg_quality_30,Lupus,0.8701360821723938,Bullous,0.3827773332595825,True,-0.4873587489128113
data/SkinDisease/SkinDisease/test/Lichen/lichen-planus-18.jpeg,brightness_+40%,Lichen,0.9998973608016968,Lichen,0.9994077682495117,False,-0.0004895925521850586
data/SkinDisease/SkinDisease/test/Lichen/lichen-planus-18.jpeg,contrast_+40%,Lichen,0.9998973608016968,Lichen,0.9998645782470703,False,-3.2782554626464844e-05
data/SkinDisease/SkinDisease/test/Lichen/lichen-planus-18.jpeg,rotation_10deg,Lichen,0.9998973608016968,Lichen,0.9995242357254028,False,-0.0003731250762939453
data/SkinDisease/SkinDisease/test/Lichen/lichen-planus-18.jpeg,downscale_upscale_0.5x,Lichen,0.9998973608016968,Lichen,0.9999487400054932,False,5.137920379638672e-05
data/SkinDisease/SkinDisease/test/Lichen/lichen-planus-18.jpeg,jpeg_quality_30,Lichen,0.9998973608016968,Lichen,0.9881228804588318,False,-0.01177448034286499
data/SkinDisease/SkinDisease/test/Warts/warts-flat-52.jpeg,brightness_+40%,Acne,0.7535585761070251,Acne,0.7120214104652405,False,-0.04153716564178467
data/SkinDisease/SkinDisease/test/Warts/warts-flat-52.jpeg,contrast_+40%,Acne,0.7535585761070251,Acne,0.9529382586479187,False,0.19937968254089355
data/SkinDisease/SkinDisease/test/Warts/warts-flat-52.jpeg,rotation_10deg,Acne,0.7535585761070251,Lupus,0.546489953994751,True,-0.20706862211227417
data/SkinDisease/SkinDisease/test/Warts/warts-flat-52.jpeg,downscale_upscale_0.5x,Acne,0.7535585761070251,Acne,0.5904234051704407,False,-0.16313517093658447
data/SkinDisease/SkinDisease/test/Warts/warts-flat-52.jpeg,jpeg_quality_30,Acne,0.7535585761070251,Benign_tumors,0.48837095499038696,True,-0.2651876211166382
data/SkinDisease/SkinDisease/test/Rosacea/rosacea-109.jpeg,brightness_+40%,Rosacea,0.7213863730430603,Rosacea,0.8017651438713074,False,0.08037877082824707
data/SkinDisease/SkinDisease/test/Rosacea/rosacea-109.jpeg,contrast_+40%,Rosacea,0.7213863730430603,Rosacea,0.5675515532493591,False,-0.15383481979370117
data/SkinDisease/SkinDisease/test/Rosacea/rosacea-109.jpeg,rotation_10deg,Rosacea,0.7213863730430603,Sun_Sunlight_Damage,0.581685483455658,True,-0.13970088958740234
data/SkinDisease/SkinDisease/test/Rosacea/rosacea-109.jpeg,downscale_upscale_0.5x,Rosacea,0.7213863730430603,Rosacea,0.9769407510757446,False,0.2555543780326843
data/SkinDisease/SkinDisease/test/Rosacea/rosacea-109.jpeg,jpeg_quality_30,Rosacea,0.7213863730430603,Rosacea,0.9568244218826294,False,0.2354380488395691
data/SkinDisease/SkinDisease/test/SkinCancer/malignant-melanoma-19.jpeg,brightness_+40%,Vascular_Tumors,0.9404035210609436,Vascular_Tumors,0.9141625761985779,False,-0.026240944862365723
data/SkinDisease/SkinDisease/test/SkinCancer/malignant-melanoma-19.jpeg,contrast_+40%,Vascular_Tumors,0.9404035210609436,Vascular_Tumors,0.7540568709373474,False,-0.1863466501235962
data/SkinDisease/SkinDisease/test/SkinCancer/malignant-melanoma-19.jpeg,rotation_10deg,Vascular_Tumors,0.9404035210609436,Vascular_Tumors,0.3582523465156555,False,-0.5821511745452881
data/SkinDisease/SkinDisease/test/SkinCancer/malignant-melanoma-19.jpeg,downscale_upscale_0.5x,Vascular_Tumors,0.9404035210609436,Vascular_Tumors,0.7306491136550903,False,-0.20975440740585327
data/SkinDisease/SkinDisease/test/SkinCancer/malignant-melanoma-19.jpeg,jpeg_quality_30,Vascular_Tumors,0.9404035210609436,Vascular_Tumors,0.8094664812088013,False,-0.13093703985214233
data/SkinDisease/SkinDisease/test/Unknown_Normal/download (21).jpeg,brightness_+40%,Unknown_Normal,0.9988870024681091,Unknown_Normal,0.9986359477043152,False,-0.0002510547637939453
data/SkinDisease/SkinDisease/test/Unknown_Normal/download (21).jpeg,contrast_+40%,Unknown_Normal,0.9988870024681091,Unknown_Normal,0.9992213249206543,False,0.000334322452545166
data/SkinDisease/SkinDisease/test/Unknown_Normal/download (21).jpeg,rotation_10deg,Unknown_Normal,0.9988870024681091,Unknown_Normal,0.99988853931427,False,0.0010015368461608887
data/SkinDisease/SkinDisease/test/Unknown_Normal/download (21).jpeg,downscale_upscale_0.5x,Unknown_Normal,0.9988870024681091,Unknown_Normal,0.996800422668457,False,-0.0020865797996520996
data/SkinDisease/SkinDisease/test/Unknown_Normal/download (21).jpeg,jpeg_quality_30,Unknown_Normal,0.9988870024681091,Unknown_Normal,0.9990214109420776,False,0.00013440847396850586
data/SkinDisease/SkinDisease/test/Actinic_Keratosis/actinic-cheilitis-sq-cell-lip-10.jpeg,brightness_+40%,Eczema,0.26036420464515686,Tinea,0.3338868021965027,True,0.07352259755134583
data/SkinDisease/SkinDisease/test/Actinic_Keratosis/actinic-cheilitis-sq-cell-lip-10.jpeg,contrast_+40%,Eczema,0.26036420464515686,Tinea,0.37094902992248535,True,0.11058482527732849
data/SkinDisease/SkinDisease/test/Actinic_Keratosis/actinic-cheilitis-sq-cell-lip-10.jpeg,rotation_10deg,Eczema,0.26036420464515686,Actinic_Keratosis,0.3702084422111511,True,0.10984423756599426
data/SkinDisease/SkinDisease/test/Actinic_Keratosis/actinic-cheilitis-sq-cell-lip-10.jpeg,downscale_upscale_0.5x,Eczema,0.26036420464515686,Eczema,0.35419613122940063,False,0.09383192658424377
data/SkinDisease/SkinDisease/test/Actinic_Keratosis/actinic-cheilitis-sq-cell-lip-10.jpeg,jpeg_quality_30,Eczema,0.26036420464515686,Actinic_Keratosis,0.9133886694908142,True,0.6530244648456573
data/SkinDisease/SkinDisease/test/Candidiasis/1269__ProtectWyJQcm90ZWN0Il0_FocusFillWzI5NCwyMjIsInkiLDg1XQ.jpeg,brightness_+40%,Actinic_Keratosis,0.4240940809249878,Actinic_Keratosis,0.48688840866088867,False,0.06279432773590088
data/SkinDisease/SkinDisease/test/Candidiasis/1269__ProtectWyJQcm90ZWN0Il0_FocusFillWzI5NCwyMjIsInkiLDg1XQ.jpeg,contrast_+40%,Actinic_Keratosis,0.4240940809249878,Actinic_Keratosis,0.4991614520549774,False,0.07506737112998962
data/SkinDisease/SkinDisease/test/Candidiasis/1269__ProtectWyJQcm90ZWN0Il0_FocusFillWzI5NCwyMjIsInkiLDg1XQ.jpeg,rotation_10deg,Actinic_Keratosis,0.4240940809249878,Actinic_Keratosis,0.5453020334243774,False,0.12120795249938965
data/SkinDisease/SkinDisease/test/Candidiasis/1269__ProtectWyJQcm90ZWN0Il0_FocusFillWzI5NCwyMjIsInkiLDg1XQ.jpeg,downscale_upscale_0.5x,Actinic_Keratosis,0.4240940809249878,Actinic_Keratosis,0.9030470252037048,False,0.47895294427871704
data/SkinDisease/SkinDisease/test/Candidiasis/1269__ProtectWyJQcm90ZWN0Il0_FocusFillWzI5NCwyMjIsInkiLDg1XQ.jpeg,jpeg_quality_30,Actinic_Keratosis,0.4240940809249878,Vitiligo,0.8771335482597351,True,0.4530394673347473
data/SkinDisease/SkinDisease/test/Benign_tumors/porokeratosis-3.jpeg,brightness_+40%,Benign_tumors,0.9941956400871277,Benign_tumors,0.9719109535217285,False,-0.02228468656539917
data/SkinDisease/SkinDisease/test/Benign_tumors/porokeratosis-3.jpeg,contrast_+40%,Benign_tumors,0.9941956400871277,Benign_tumors,0.9957634210586548,False,0.0015677809715270996
data/SkinDisease/SkinDisease/test/Benign_tumors/porokeratosis-3.jpeg,rotation_10deg,Benign_tumors,0.9941956400871277,Benign_tumors,0.9662808775901794,False,-0.027914762496948242
data/SkinDisease/SkinDisease/test/Benign_tumors/porokeratosis-3.jpeg,downscale_upscale_0.5x,Benign_tumors,0.9941956400871277,Benign_tumors,0.9846936464309692,False,-0.009501993656158447
data/SkinDisease/SkinDisease/test/Benign_tumors/porokeratosis-3.jpeg,jpeg_quality_30,Benign_tumors,0.9941956400871277,Seborrh_Keratoses,0.674479067325592,True,-0.31971657276153564
data/SkinDisease/SkinDisease/test/Unknown_Normal/104_jpg.rf.cfcee7099c3a287e4db78ed28dae4576.jpeg,brightness_+40%,Unknown_Normal,0.9997802376747131,Unknown_Normal,0.5392856001853943,False,-0.46049463748931885
data/SkinDisease/SkinDisease/test/Unknown_Normal/104_jpg.rf.cfcee7099c3a287e4db78ed28dae4576.jpeg,contrast_+40%,Unknown_Normal,0.9997802376747131,Unknown_Normal,0.9979438185691833,False,-0.0018364191055297852
data/SkinDisease/SkinDisease/test/Unknown_Normal/104_jpg.rf.cfcee7099c3a287e4db78ed28dae4576.jpeg,rotation_10deg,Unknown_Normal,0.9997802376747131,Unknown_Normal,0.9230511784553528,False,-0.07672905921936035
data/SkinDisease/SkinDisease/test/Unknown_Normal/104_jpg.rf.cfcee7099c3a287e4db78ed28dae4576.jpeg,downscale_upscale_0.5x,Unknown_Normal,0.9997802376747131,Unknown_Normal,0.9993273019790649,False,-0.00045293569564819336
data/SkinDisease/SkinDisease/test/Unknown_Normal/104_jpg.rf.cfcee7099c3a287e4db78ed28dae4576.jpeg,jpeg_quality_30,Unknown_Normal,0.9997802376747131,Unknown_Normal,0.9990278482437134,False,-0.0007523894309997559
data/SkinDisease/SkinDisease/test/Benign_tumors/keratoacanthoma-135.jpeg,brightness_+40%,Benign_tumors,0.9998747110366821,Benign_tumors,0.9996664524078369,False,-0.00020825862884521484
data/SkinDisease/SkinDisease/test/Benign_tumors/keratoacanthoma-135.jpeg,contrast_+40%,Benign_tumors,0.9998747110366821,Benign_tumors,0.9999072551727295,False,3.254413604736328e-05
data/SkinDisease/SkinDisease/test/Benign_tumors/keratoacanthoma-135.jpeg,rotation_10deg,Benign_tumors,0.9998747110366821,Benign_tumors,0.9993128776550293,False,-0.000561833381652832
data/SkinDisease/SkinDisease/test/Benign_tumors/keratoacanthoma-135.jpeg,downscale_upscale_0.5x,Benign_tumors,0.9998747110366821,Benign_tumors,0.998761773109436,False,-0.0011129379272460938
data/SkinDisease/SkinDisease/test/Benign_tumors/keratoacanthoma-135.jpeg,jpeg_quality_30,Benign_tumors,0.9998747110366821,Benign_tumors,0.9962683320045471,False,-0.0036063790321350098
data/SkinDisease/SkinDisease/test/SkinCancer/basal-cell-carcinoma-nose-38.jpeg,brightness_+40%,Benign_tumors,0.3854023814201355,Moles,0.3694535195827484,True,-0.015948861837387085
data/SkinDisease/SkinDisease/test/SkinCancer/basal-cell-carcinoma-nose-38.jpeg,contrast_+40%,Benign_tumors,0.3854023814201355,Benign_tumors,0.6837798953056335,False,0.29837751388549805
data/SkinDisease/SkinDisease/test/SkinCancer/basal-cell-carcinoma-nose-38.jpeg,rotation_10deg,Benign_tumors,0.3854023814201355,Benign_tumors,0.8052555322647095,False,0.419853150844574
data/SkinDisease/SkinDisease/test/SkinCancer/basal-cell-carcinoma-nose-38.jpeg,downscale_upscale_0.5x,Benign_tumors,0.3854023814201355,Benign_tumors,0.3351513743400574,False,-0.050251007080078125
data/SkinDisease/SkinDisease/test/SkinCancer/basal-cell-carcinoma-nose-38.jpeg,jpeg_quality_30,Benign_tumors,0.3854023814201355,DrugEruption,0.9431166648864746,True,0.5577142834663391
data/SkinDisease/SkinDisease/test/Vascular_Tumors/venous-malformations-36.jpeg,brightness_+40%,Vascular_Tumors,0.9603350162506104,Vascular_Tumors,0.9145824909210205,False,-0.045752525329589844
data/SkinDisease/SkinDisease/test/Vascular_Tumors/venous-malformations-36.jpeg,contrast_+40%,Vascular_Tumors,0.9603350162506104,Vascular_Tumors,0.8724047541618347,False,-0.08793026208877563
data/SkinDisease/SkinDisease/test/Vascular_Tumors/venous-malformations-36.jpeg,rotation_10deg,Vascular_Tumors,0.9603350162506104,Vascular_Tumors,0.9597684741020203,False,-0.0005665421485900879
data/SkinDisease/SkinDisease/test/Vascular_Tumors/venous-malformations-36.jpeg,downscale_upscale_0.5x,Vascular_Tumors,0.9603350162506104,Actinic_Keratosis,0.635293185710907,True,-0.32504183053970337
data/SkinDisease/SkinDisease/test/Vascular_Tumors/venous-malformations-36.jpeg,jpeg_quality_30,Vascular_Tumors,0.9603350162506104,Actinic_Keratosis,0.9980637431144714,True,0.037728726863861084
data/SkinDisease/SkinDisease/test/Seborrh_Keratoses/seborrheic-keratoses-ruff-179.jpeg,brightness_+40%,Seborrh_Keratoses,0.8678203821182251,Seborrh_Keratoses,0.6840766072273254,False,-0.18374377489089966
data/SkinDisease/SkinDisease/test/Seborrh_Keratoses/seborrheic-keratoses-ruff-179.jpeg,contrast_+40%,Seborrh_Keratoses,0.8678203821182251,Seborrh_Keratoses,0.6260185241699219,False,-0.24180185794830322
data/SkinDisease/SkinDisease/test/Seborrh_Keratoses/seborrheic-keratoses-ruff-179.jpeg,rotation_10deg,Seborrh_Keratoses,0.8678203821182251,Seborrh_Keratoses,0.7669066786766052,False,-0.10091370344161987
data/SkinDisease/SkinDisease/test/Seborrh_Keratoses/seborrheic-keratoses-ruff-179.jpeg,downscale_upscale_0.5x,Seborrh_Keratoses,0.8678203821182251,Benign_tumors,0.4833226501941681,True,-0.384497731924057
data/SkinDisease/SkinDisease/test/Seborrh_Keratoses/seborrheic-keratoses-ruff-179.jpeg,jpeg_quality_30,Seborrh_Keratoses,0.8678203821182251,Seborrh_Keratoses,0.3592948019504547,False,-0.5085255801677704
data/SkinDisease/SkinDisease/test/Acne/acne-open-comedo-26.jpeg,brightness_+40%,Warts,0.6157755255699158,Vascular_Tumors,0.49217748641967773,True,-0.12359803915023804
data/SkinDisease/SkinDisease/test/Acne/acne-open-comedo-26.jpeg,contrast_+40%,Warts,0.6157755255699158,Vascular_Tumors,0.39444342255592346,True,-0.2213321030139923
data/SkinDisease/SkinDisease/test/Acne/acne-open-comedo-26.jpeg,rotation_10deg,Warts,0.6157755255699158,DrugEruption,0.2425743192434311,True,-0.3732012063264847
data/SkinDisease/SkinDisease/test/Acne/acne-open-comedo-26.jpeg,downscale_upscale_0.5x,Warts,0.6157755255699158,Lupus,0.6665586829185486,True,0.05078315734863281
data/SkinDisease/SkinDisease/test/Acne/acne-open-comedo-26.jpeg,jpeg_quality_30,Warts,0.6157755255699158,DrugEruption,0.6369830369949341,True,0.02120751142501831
data/SkinDisease/SkinDisease/test/Vascular_Tumors/telangiectasias-48.jpeg,brightness_+40%,Vascular_Tumors,0.9924604296684265,Vascular_Tumors,0.6010066270828247,False,-0.3914538025856018
data/SkinDisease/SkinDisease/test/Vascular_Tumors/telangiectasias-48.jpeg,contrast_+40%,Vascular_Tumors,0.9924604296684265,Vascular_Tumors,0.9982958436012268,False,0.005835413932800293
data/SkinDisease/SkinDisease/test/Vascular_Tumors/telangiectasias-48.jpeg,rotation_10deg,Vascular_Tumors,0.9924604296684265,Vascular_Tumors,0.9777100086212158,False,-0.014750421047210693
data/SkinDisease/SkinDisease/test/Vascular_Tumors/telangiectasias-48.jpeg,downscale_upscale_0.5x,Vascular_Tumors,0.9924604296684265,Vascular_Tumors,0.8930712342262268,False,-0.09938919544219971
data/SkinDisease/SkinDisease/test/Vascular_Tumors/telangiectasias-48.jpeg,jpeg_quality_30,Vascular_Tumors,0.9924604296684265,Vasculitis,0.8318179845809937,True,-0.16064244508743286
data/SkinDisease/SkinDisease/test/Bullous/dermatitis-herpetiformis-35.jpeg,brightness_+40%,Bullous,0.5758102536201477,Bullous,0.7886372208595276,False,0.21282696723937988
data/SkinDisease/SkinDisease/test/Bullous/dermatitis-herpetiformis-35.jpeg,contrast_+40%,Bullous,0.5758102536201477,Bullous,0.7957927584648132,False,0.21998250484466553
data/SkinDisease/SkinDisease/test/Bullous/dermatitis-herpetiformis-35.jpeg,rotation_10deg,Bullous,0.5758102536201477,Bullous,0.8551379442214966,False,0.2793276906013489
data/SkinDisease/SkinDisease/test/Bullous/dermatitis-herpetiformis-35.jpeg,downscale_upscale_0.5x,Bullous,0.5758102536201477,Bullous,0.5238103270530701,False,-0.05199992656707764
data/SkinDisease/SkinDisease/test/Bullous/dermatitis-herpetiformis-35.jpeg,jpeg_quality_30,Bullous,0.5758102536201477,Bullous,0.7654959559440613,False,0.18968570232391357
data/SkinDisease/SkinDisease/test/Tinea/tinea-hand-dorsum-16.jpeg,brightness_+40%,Tinea,0.9950644373893738,Tinea,0.9611039161682129,False,-0.03396052122116089
data/SkinDisease/SkinDisease/test/Tinea/tinea-hand-dorsum-16.jpeg,contrast_+40%,Tinea,0.9950644373893738,Tinea,0.9980090260505676,False,0.0029445886611938477
data/SkinDisease/SkinDisease/test/Tinea/tinea-hand-dorsum-16.jpeg,rotation_10deg,Tinea,0.9950644373893738,Tinea,0.9802983403205872,False,-0.014766097068786621
data/SkinDisease/SkinDisease/test/Tinea/tinea-hand-dorsum-16.jpeg,downscale_upscale_0.5x,Tinea,0.9950644373893738,Tinea,0.7434172630310059,False,-0.2516471743583679
data/SkinDisease/SkinDisease/test/Tinea/tinea-hand-dorsum-16.jpeg,jpeg_quality_30,Tinea,0.9950644373893738,Tinea,0.912803053855896,False,-0.08226138353347778
data/SkinDisease/SkinDisease/test/Lichen/lichen-planus-nail-024__ProtectWyJQcm90ZWN0Il0_FocusFillWzI5NCwyMjIsIngiLDFd.jpeg,brightness_+40%,Lichen,0.999916672706604,Lichen,0.9998444318771362,False,-7.224082946777344e-05
data/SkinDisease/SkinDisease/test/Lichen/lichen-planus-nail-024__ProtectWyJQcm90ZWN0Il0_FocusFillWzI5NCwyMjIsIngiLDFd.jpeg,contrast_+40%,Lichen,0.999916672706604,Lichen,0.99962317943573,False,-0.00029349327087402344
data/SkinDisease/SkinDisease/test/Lichen/lichen-planus-nail-024__ProtectWyJQcm90ZWN0Il0_FocusFillWzI5NCwyMjIsIngiLDFd.jpeg,rotation_10deg,Lichen,0.999916672706604,Lichen,0.9999752044677734,False,5.8531761169433594e-05
data/SkinDisease/SkinDisease/test/Lichen/lichen-planus-nail-024__ProtectWyJQcm90ZWN0Il0_FocusFillWzI5NCwyMjIsIngiLDFd.jpeg,downscale_upscale_0.5x,Lichen,0.999916672706604,Lichen,0.9999483823776245,False,3.170967102050781e-05
data/SkinDisease/SkinDisease/test/Lichen/lichen-planus-nail-024__ProtectWyJQcm90ZWN0Il0_FocusFillWzI5NCwyMjIsIngiLDFd.jpeg,jpeg_quality_30,Lichen,0.999916672706604,Lichen,0.9756704568862915,False,-0.0242462158203125
data/SkinDisease/SkinDisease/test/Warts/genital-warts-31.jpeg,brightness_+40%,Warts,0.9978070855140686,Warts,0.9041295647621155,False,-0.09367752075195312
data/SkinDisease/SkinDisease/test/Warts/genital-warts-31.jpeg,contrast_+40%,Warts,0.9978070855140686,Warts,0.9967522621154785,False,-0.0010548233985900879
data/SkinDisease/SkinDisease/test/Warts/genital-warts-31.jpeg,rotation_10deg,Warts,0.9978070855140686,Warts,0.999774158000946,False,0.0019670724868774414
data/SkinDisease/SkinDisease/test/Warts/genital-warts-31.jpeg,downscale_upscale_0.5x,Warts,0.9978070855140686,Warts,0.9955488443374634,False,-0.0022582411766052246
data/SkinDisease/SkinDisease/test/Warts/genital-warts-31.jpeg,jpeg_quality_30,Warts,0.9978070855140686,Warts,0.27649402618408203,False,-0.7213130593299866
data/SkinDisease/SkinDisease/test/Tinea/tincorp5__ProtectWyJQcm90ZWN0Il0_FocusFillWzI5NCwyMjIsIngiLDE2XQ.jpeg,brightness_+40%,Tinea,0.9864554405212402,Tinea,0.5333078503608704,False,-0.4531475901603699
data/SkinDisease/SkinDisease/test/Tinea/tincorp5__ProtectWyJQcm90ZWN0Il0_FocusFillWzI5NCwyMjIsIngiLDE2XQ.jpeg,contrast_+40%,Tinea,0.9864554405212402,Tinea,0.7589991092681885,False,-0.22745633125305176
data/SkinDisease/SkinDisease/test/Tinea/tincorp5__ProtectWyJQcm90ZWN0Il0_FocusFillWzI5NCwyMjIsIngiLDE2XQ.jpeg,rotation_10deg,Tinea,0.9864554405212402,Tinea,0.681812047958374,False,-0.3046433925628662
data/SkinDisease/SkinDisease/test/Tinea/tincorp5__ProtectWyJQcm90ZWN0Il0_FocusFillWzI5NCwyMjIsIngiLDE2XQ.jpeg,downscale_upscale_0.5x,Tinea,0.9864554405212402,Tinea,0.9498990774154663,False,-0.036556363105773926
data/SkinDisease/SkinDisease/test/Tinea/tincorp5__ProtectWyJQcm90ZWN0Il0_FocusFillWzI5NCwyMjIsIngiLDE2XQ.jpeg,jpeg_quality_30,Tinea,0.9864554405212402,DrugEruption,0.485074907541275,True,-0.5013805329799652
data/SkinDisease/SkinDisease/test/Vitiligo/the-initial-stage-of-vitiligo-skin-disease.jpeg,brightness_+40%,Unknown_Normal,0.9982815980911255,Unknown_Normal,0.9842060804367065,False,-0.014075517654418945
data/SkinDisease/SkinDisease/test/Vitiligo/the-initial-stage-of-vitiligo-skin-disease.jpeg,contrast_+40%,Unknown_Normal,0.9982815980911255,Unknown_Normal,0.9951956868171692,False,-0.003085911273956299
data/SkinDisease/SkinDisease/test/Vitiligo/the-initial-stage-of-vitiligo-skin-disease.jpeg,rotation_10deg,Unknown_Normal,0.9982815980911255,Unknown_Normal,0.9975392818450928,False,-0.0007423162460327148
data/SkinDisease/SkinDisease/test/Vitiligo/the-initial-stage-of-vitiligo-skin-disease.jpeg,downscale_upscale_0.5x,Unknown_Normal,0.9982815980911255,Unknown_Normal,0.9860596060752869,False,-0.012221992015838623
data/SkinDisease/SkinDisease/test/Vitiligo/the-initial-stage-of-vitiligo-skin-disease.jpeg,jpeg_quality_30,Unknown_Normal,0.9982815980911255,Unknown_Normal,0.9941463470458984,False,-0.004135251045227051
data/SkinDisease/SkinDisease/test/Rosacea/rosacea-nose-29.jpeg,brightness_+40%,Rosacea,0.9998624324798584,Rosacea,0.9978511333465576,False,-0.0020112991333007812
data/SkinDisease/SkinDisease/test/Rosacea/rosacea-nose-29.jpeg,contrast_+40%,Rosacea,0.9998624324798584,Rosacea,0.9997546076774597,False,-0.00010782480239868164
data/SkinDisease/SkinDisease/test/Rosacea/rosacea-nose-29.jpeg,rotation_10deg,Rosacea,0.9998624324798584,Rosacea,0.999498724937439,False,-0.0003637075424194336
data/SkinDisease/SkinDisease/test/Rosacea/rosacea-nose-29.jpeg,downscale_upscale_0.5x,Rosacea,0.9998624324798584,Rosacea,0.9997387528419495,False,-0.00012367963790893555
data/SkinDisease/SkinDisease/test/Rosacea/rosacea-nose-29.jpeg,jpeg_quality_30,Rosacea,0.9998624324798584,Rosacea,0.9991955161094666,False,-0.0006669163703918457
data/SkinDisease/SkinDisease/test/DrugEruption/images328.jpeg,brightness_+40%,DrugEruption,0.9509461522102356,DrugEruption,0.9895205497741699,False,0.038574397563934326
data/SkinDisease/SkinDisease/test/DrugEruption/images328.jpeg,contrast_+40%,DrugEruption,0.9509461522102356,DrugEruption,0.6068807244300842,False,-0.34406542778015137
data/SkinDisease/SkinDisease/test/DrugEruption/images328.jpeg,rotation_10deg,DrugEruption,0.9509461522102356,DrugEruption,0.9792594909667969,False,0.02831333875656128
data/SkinDisease/SkinDisease/test/DrugEruption/images328.jpeg,downscale_upscale_0.5x,DrugEruption,0.9509461522102356,DrugEruption,0.7373555898666382,False,-0.2135905623435974
data/SkinDisease/SkinDisease/test/DrugEruption/images328.jpeg,jpeg_quality_30,DrugEruption,0.9509461522102356,Actinic_Keratosis,0.9940391778945923,True,0.04309302568435669
data/SkinDisease/SkinDisease/test/Lichen/Lichen-Planus-Oral-31.jpeg,brightness_+40%,Lichen,0.9971488118171692,Lichen,0.9980363249778748,False,0.0008875131607055664
data/SkinDisease/SkinDisease/test/Lichen/Lichen-Planus-Oral-31.jpeg,contrast_+40%,Lichen,0.9971488118171692,Lichen,0.9990296363830566,False,0.0018808245658874512
data/SkinDisease/SkinDisease/test/Lichen/Lichen-Planus-Oral-31.jpeg,rotation_10deg,Lichen,0.9971488118171692,Lichen,0.9938578009605408,False,-0.003291010856628418
data/SkinDisease/SkinDisease/test/Lichen/Lichen-Planus-Oral-31.jpeg,downscale_upscale_0.5x,Lichen,0.9971488118171692,Lichen,0.9995608925819397,False,0.002412080764770508
data/SkinDisease/SkinDisease/test/Lichen/Lichen-Planus-Oral-31.jpeg,jpeg_quality_30,Lichen,0.9971488118171692,Lichen,0.9987963438034058,False,0.0016475319862365723
data/SkinDisease/SkinDisease/test/SkinCancer/ctcl-74.jpeg,brightness_+40%,Vasculitis,0.9944397211074829,Vasculitis,0.9950146079063416,False,0.0005748867988586426
data/SkinDisease/SkinDisease/test/SkinCancer/ctcl-74.jpeg,contrast_+40%,Vasculitis,0.9944397211074829,Vasculitis,0.9555547833442688,False,-0.03888493776321411
data/SkinDisease/SkinDisease/test/SkinCancer/ctcl-74.jpeg,rotation_10deg,Vasculitis,0.9944397211074829,Vasculitis,0.9861887097358704,False,-0.008251011371612549
data/SkinDisease/SkinDisease/test/SkinCancer/ctcl-74.jpeg,downscale_upscale_0.5x,Vasculitis,0.9944397211074829,Vasculitis,0.9995583891868591,False,0.005118668079376221
data/SkinDisease/SkinDisease/test/SkinCancer/ctcl-74.jpeg,jpeg_quality_30,Vasculitis,0.9944397211074829,Vasculitis,0.6827179193496704,False,-0.3117218017578125
data/SkinDisease/SkinDisease/test/Lupus/lupus-chronic-cutaneous-68.jpeg,brightness_+40%,Lupus,0.9983084201812744,Lupus,0.9977722764015198,False,-0.0005361437797546387
data/SkinDisease/SkinDisease/test/Lupus/lupus-chronic-cutaneous-68.jpeg,contrast_+40%,Lupus,0.9983084201812744,Lupus,0.9997088313102722,False,0.0014004111289978027
data/SkinDisease/SkinDisease/test/Lupus/lupus-chronic-cutaneous-68.jpeg,rotation_10deg,Lupus,0.9983084201812744,Lupus,0.9956963062286377,False,-0.0026121139526367188
data/SkinDisease/SkinDisease/test/Lupus/lupus-chronic-cutaneous-68.jpeg,downscale_upscale_0.5x,Lupus,0.9983084201812744,Lupus,0.9999277591705322,False,0.0016193389892578125
data/SkinDisease/SkinDisease/test/Lupus/lupus-chronic-cutaneous-68.jpeg,jpeg_quality_30,Lupus,0.9983084201812744,Tinea,0.8686657547950745,True,-0.12964266538619995
data/SkinDisease/SkinDisease/test/Vitiligo/vitiligo-girl.jpeg,brightness_+40%,Vitiligo,0.9996002316474915,Vitiligo,0.9994522929191589,False,-0.00014793872833251953
data/SkinDisease/SkinDisease/test/Vitiligo/vitiligo-girl.jpeg,contrast_+40%,Vitiligo,0.9996002316474915,Vitiligo,0.9997268319129944,False,0.0001266002655029297
data/SkinDisease/SkinDisease/test/Vitiligo/vitiligo-girl.jpeg,rotation_10deg,Vitiligo,0.9996002316474915,Vitiligo,0.9971441626548767,False,-0.002456068992614746
data/SkinDisease/SkinDisease/test/Vitiligo/vitiligo-girl.jpeg,downscale_upscale_0.5x,Vitiligo,0.9996002316474915,Vitiligo,0.9998396635055542,False,0.00023943185806274414
data/SkinDisease/SkinDisease/test/Vitiligo/vitiligo-girl.jpeg,jpeg_quality_30,Vitiligo,0.9996002316474915,Vitiligo,0.9994781613349915,False,-0.0001220703125
data/SkinDisease/SkinDisease/test/Acne/acne-face-42__ProtectWyJQcm90ZWN0Il0_FocusFillWzI5NCwyMjIsIngiLDFd.jpeg,brightness_+40%,Acne,0.9258797764778137,Psoriasis,0.6938592195510864,True,-0.2320205569267273
data/SkinDisease/SkinDisease/test/Acne/acne-face-42__ProtectWyJQcm90ZWN0Il0_FocusFillWzI5NCwyMjIsIngiLDFd.jpeg,contrast_+40%,Acne,0.9258797764778137,Acne,0.9531470537185669,False,0.027267277240753174
data/SkinDisease/SkinDisease/test/Acne/acne-face-42__ProtectWyJQcm90ZWN0Il0_FocusFillWzI5NCwyMjIsIngiLDFd.jpeg,rotation_10deg,Acne,0.9258797764778137,Acne,0.8716714978218079,False,-0.05420827865600586
data/SkinDisease/SkinDisease/test/Acne/acne-face-42__ProtectWyJQcm90ZWN0Il0_FocusFillWzI5NCwyMjIsIngiLDFd.jpeg,downscale_upscale_0.5x,Acne,0.9258797764778137,Acne,0.9970593452453613,False,0.07117956876754761
data/SkinDisease/SkinDisease/test/Acne/acne-face-42__ProtectWyJQcm90ZWN0Il0_FocusFillWzI5NCwyMjIsIngiLDFd.jpeg,jpeg_quality_30,Acne,0.9258797764778137,Psoriasis,0.9164015650749207,True,-0.009478211402893066
data/SkinDisease/SkinDisease/test/Vascular_Tumors/kaposi-sarcoma-37.jpeg,brightness_+40%,Vascular_Tumors,0.999967098236084,Vascular_Tumors,0.9999858140945435,False,1.8715858459472656e-05
data/SkinDisease/SkinDisease/test/Vascular_Tumors/kaposi-sarcoma-37.jpeg,contrast_+40%,Vascular_Tumors,0.999967098236084,Vascular_Tumors,0.9999780654907227,False,1.0967254638671875e-05
data/SkinDisease/SkinDisease/test/Vascular_Tumors/kaposi-sarcoma-37.jpeg,rotation_10deg,Vascular_Tumors,0.999967098236084,Vascular_Tumors,0.9999837875366211,False,1.6689300537109375e-05
data/SkinDisease/SkinDisease/test/Vascular_Tumors/kaposi-sarcoma-37.jpeg,downscale_upscale_0.5x,Vascular_Tumors,0.999967098236084,Vascular_Tumors,0.9999849796295166,False,1.7881393432617188e-05
data/SkinDisease/SkinDisease/test/Vascular_Tumors/kaposi-sarcoma-37.jpeg,jpeg_quality_30,Vascular_Tumors,0.999967098236084,Vascular_Tumors,0.9988194108009338,False,-0.0011476874351501465
data/SkinDisease/SkinDisease/test/Benign_tumors/endometriosis-1.jpeg,brightness_+40%,Benign_tumors,0.48658254742622375,Seborrh_Keratoses,0.4605904817581177,True,-0.02599206566810608
data/SkinDisease/SkinDisease/test/Benign_tumors/endometriosis-1.jpeg,contrast_+40%,Benign_tumors,0.48658254742622375,Benign_tumors,0.35568055510520935,False,-0.1309019923210144
data/SkinDisease/SkinDisease/test/Benign_tumors/endometriosis-1.jpeg,rotation_10deg,Benign_tumors,0.48658254742622375,SkinCancer,0.4791450500488281,True,-0.00743749737739563
data/SkinDisease/SkinDisease/test/Benign_tumors/endometriosis-1.jpeg,downscale_upscale_0.5x,Benign_tumors,0.48658254742622375,Lichen,0.5544576048851013,True,0.06787505745887756
data/SkinDisease/SkinDisease/test/Benign_tumors/endometriosis-1.jpeg,jpeg_quality_30,Benign_tumors,0.48658254742622375,Lichen,0.8505463600158691,True,0.3639638125896454
data/SkinDisease/SkinDisease/test/Warts/warts-common-4.jpeg,brightness_+40%,Benign_tumors,0.7434017062187195,Benign_tumors,0.8820264935493469,False,0.13862478733062744
data/SkinDisease/SkinDisease/test/Warts/warts-common-4.jpeg,contrast_+40%,Benign_tumors,0.7434017062187195,Benign_tumors,0.8274074792861938,False,0.08400577306747437
data/SkinDisease/SkinDisease/test/Warts/warts-common-4.jpeg,rotation_10deg,Benign_tumors,0.7434017062187195,Warts,0.8105795383453369,True,0.06717783212661743
data/SkinDisease/SkinDisease/test/Warts/warts-common-4.jpeg,downscale_upscale_0.5x,Benign_tumors,0.7434017062187195,Benign_tumors,0.4751039743423462,False,-0.2682977318763733
data/SkinDisease/SkinDisease/test/Warts/warts-common-4.jpeg,jpeg_quality_30,Benign_tumors,0.7434017062187195,Eczema,0.3390223979949951,True,-0.40437930822372437
data/SkinDisease/SkinDisease/test/Vasculitis/erythema-multiforme-28.jpeg,brightness_+40%,Vasculitis,0.9674051403999329,Vasculitis,0.9922114610671997,False,0.024806320667266846
data/SkinDisease/SkinDisease/test/Vasculitis/erythema-multiforme-28.jpeg,contrast_+40%,Vasculitis,0.9674051403999329,Vasculitis,0.9871053695678711,False,0.019700229167938232
data/SkinDisease/SkinDisease/test/Vasculitis/erythema-multiforme-28.jpeg,rotation_10deg,Vasculitis,0.9674051403999329,Vasculitis,0.7985537052154541,False,-0.16885143518447876
data/SkinDisease/SkinDisease/test/Vasculitis/erythema-multiforme-28.jpeg,downscale_upscale_0.5x,Vasculitis,0.9674051403999329,Vasculitis,0.9025644063949585,False,-0.06484073400497437
data/SkinDisease/SkinDisease/test/Vasculitis/erythema-multiforme-28.jpeg,jpeg_quality_30,Vasculitis,0.9674051403999329,Vasculitis,0.8865932822227478,False,-0.08081185817718506
data/SkinDisease/SkinDisease/test/Unknown_Normal/81y6Q5R0rjL.AC_SX500.jpeg,brightness_+40%,Unknown_Normal,0.9999881982803345,Unknown_Normal,0.9999922513961792,False,4.0531158447265625e-06
data/SkinDisease/SkinDisease/test/Unknown_Normal/81y6Q5R0rjL.AC_SX500.jpeg,contrast_+40%,Unknown_Normal,0.9999881982803345,Unknown_Normal,0.9999926090240479,False,4.410743713378906e-06
data/SkinDisease/SkinDisease/test/Unknown_Normal/81y6Q5R0rjL.AC_SX500.jpeg,rotation_10deg,Unknown_Normal,0.9999881982803345,Unknown_Normal,0.9999845027923584,False,-3.6954879760742188e-06
data/SkinDisease/SkinDisease/test/Unknown_Normal/81y6Q5R0rjL.AC_SX500.jpeg,downscale_upscale_0.5x,Unknown_Normal,0.9999881982803345,Unknown_Normal,0.9999920129776001,False,3.814697265625e-06
data/SkinDisease/SkinDisease/test/Unknown_Normal/81y6Q5R0rjL.AC_SX500.jpeg,jpeg_quality_30,Unknown_Normal,0.9999881982803345,Unknown_Normal,0.9999798536300659,False,-8.344650268554688e-06
data/SkinDisease/SkinDisease/test/Infestations_Bites/myiasis-7.jpeg,brightness_+40%,Seborrh_Keratoses,0.9495184421539307,Seborrh_Keratoses,0.8574908971786499,False,-0.09202754497528076
data/SkinDisease/SkinDisease/test/Infestations_Bites/myiasis-7.jpeg,contrast_+40%,Seborrh_Keratoses,0.9495184421539307,Seborrh_Keratoses,0.9540686011314392,False,0.004550158977508545
data/SkinDisease/SkinDisease/test/Infestations_Bites/myiasis-7.jpeg,rotation_10deg,Seborrh_Keratoses,0.9495184421539307,Seborrh_Keratoses,0.4336579442024231,False,-0.5158604979515076
data/SkinDisease/SkinDisease/test/Infestations_Bites/myiasis-7.jpeg,downscale_upscale_0.5x,Seborrh_Keratoses,0.9495184421539307,Seborrh_Keratoses,0.9909537434577942,False,0.041435301303863525
data/SkinDisease/SkinDisease/test/Infestations_Bites/myiasis-7.jpeg,jpeg_quality_30,Seborrh_Keratoses,0.9495184421539307,Seborrh_Keratoses,0.5669025778770447,False,-0.382615864276886
data/SkinDisease/SkinDisease/test/Lupus/2547__ProtectWyJQcm90ZWN0Il0_FocusFillWzI5NCwyMjIsIngiLDFd.jpeg,brightness_+40%,Rosacea,0.7730526924133301,Rosacea,0.5735306143760681,False,-0.19952207803726196
data/SkinDisease/SkinDisease/test/Lupus/2547__ProtectWyJQcm90ZWN0Il0_FocusFillWzI5NCwyMjIsIngiLDFd.jpeg,contrast_+40%,Rosacea,0.7730526924133301,Rosacea,0.5365341305732727,False,-0.23651856184005737
data/SkinDisease/SkinDisease/test/Lupus/2547__ProtectWyJQcm90ZWN0Il0_FocusFillWzI5NCwyMjIsIngiLDFd.jpeg,rotation_10deg,Rosacea,0.7730526924133301,Infestations_Bites,0.5436325073242188,True,-0.22942018508911133
data/SkinDisease/SkinDisease/test/Lupus/2547__ProtectWyJQcm90ZWN0Il0_FocusFillWzI5NCwyMjIsIngiLDFd.jpeg,downscale_upscale_0.5x,Rosacea,0.7730526924133301,Rosacea,0.5226197242736816,False,-0.25043296813964844
data/SkinDisease/SkinDisease/test/Lupus/2547__ProtectWyJQcm90ZWN0Il0_FocusFillWzI5NCwyMjIsIngiLDFd.jpeg,jpeg_quality_30,Rosacea,0.7730526924133301,Rosacea,0.8921515941619873,False,0.11909890174865723
data/SkinDisease/SkinDisease/test/SkinCancer/basal-cell-carcinoma-pigmented-64.jpeg,brightness_+40%,SkinCancer,0.9904282093048096,SkinCancer,0.9961429238319397,False,0.005714714527130127
data/SkinDisease/SkinDisease/test/SkinCancer/basal-cell-carcinoma-pigmented-64.jpeg,contrast_+40%,SkinCancer,0.9904282093048096,SkinCancer,0.9990130662918091,False,0.008584856986999512
data/SkinDisease/SkinDisease/test/SkinCancer/basal-cell-carcinoma-pigmented-64.jpeg,rotation_10deg,SkinCancer,0.9904282093048096,SkinCancer,0.9994751811027527,False,0.009046971797943115
data/SkinDisease/SkinDisease/test/SkinCancer/basal-cell-carcinoma-pigmented-64.jpeg,downscale_upscale_0.5x,SkinCancer,0.9904282093048096,SkinCancer,0.9855632781982422,False,-0.004864931106567383
data/SkinDisease/SkinDisease/test/SkinCancer/basal-cell-carcinoma-pigmented-64.jpeg,jpeg_quality_30,SkinCancer,0.9904282093048096,SkinCancer,0.9868338704109192,False,-0.003594338893890381
data/SkinDisease/SkinDisease/test/Actinic_Keratosis/actinic-keratosis-lesion-5.jpeg,brightness_+40%,Actinic_Keratosis,0.741855800151825,Actinic_Keratosis,0.6595751047134399,False,-0.08228069543838501
data/SkinDisease/SkinDisease/test/Actinic_Keratosis/actinic-keratosis-lesion-5.jpeg,contrast_+40%,Actinic_Keratosis,0.741855800151825,SkinCancer,0.3537379503250122,True,-0.38811784982681274
data/SkinDisease/SkinDisease/test/Actinic_Keratosis/actinic-keratosis-lesion-5.jpeg,rotation_10deg,Actinic_Keratosis,0.741855800151825,Actinic_Keratosis,0.6403874158859253,False,-0.10146838426589966
data/SkinDisease/SkinDisease/test/Actinic_Keratosis/actinic-keratosis-lesion-5.jpeg,downscale_upscale_0.5x,Actinic_Keratosis,0.741855800151825,Actinic_Keratosis,0.9770373106002808,False,0.2351815104484558
data/SkinDisease/SkinDisease/test/Actinic_Keratosis/actinic-keratosis-lesion-5.jpeg,jpeg_quality_30,Actinic_Keratosis,0.741855800151825,Actinic_Keratosis,0.8781698942184448,False,0.13631409406661987
data/SkinDisease/SkinDisease/test/Actinic_Keratosis/images227.jpeg,brightness_+40%,Actinic_Keratosis,0.9999107122421265,Actinic_Keratosis,0.9996848106384277,False,-0.00022590160369873047
data/SkinDisease/SkinDisease/test/Actinic_Keratosis/images227.jpeg,contrast_+40%,Actinic_Keratosis,0.9999107122421265,Actinic_Keratosis,0.9999276399612427,False,1.6927719116210938e-05
data/SkinDisease/SkinDisease/test/Actinic_Keratosis/images227.jpeg,rotation_10deg,Actinic_Keratosis,0.9999107122421265,Actinic_Keratosis,0.9998610019683838,False,-4.971027374267578e-05
data/SkinDisease/SkinDisease/test/Actinic_Keratosis/images227.jpeg,downscale_upscale_0.5x,Actinic_Keratosis,0.9999107122421265,Actinic_Keratosis,0.9977840781211853,False,-0.002126634120941162
data/SkinDisease/SkinDisease/test/Actinic_Keratosis/images227.jpeg,jpeg_quality_30,Actinic_Keratosis,0.9999107122421265,Actinic_Keratosis,0.9997703433036804,False,-0.00014036893844604492
data/SkinDisease/SkinDisease/test/DrugEruption/fixed-drug-eruption-55.jpeg,brightness_+40%,Vasculitis,0.42731165885925293,Vasculitis,0.4330478608608246,False,0.005736202001571655
data/SkinDisease/SkinDisease/test/DrugEruption/fixed-drug-eruption-55.jpeg,contrast_+40%,Vasculitis,0.42731165885925293,Vasculitis,0.628038763999939,False,0.20072710514068604
data/SkinDisease/SkinDisease/test/DrugEruption/fixed-drug-eruption-55.jpeg,rotation_10deg,Vasculitis,0.42731165885925293,Vasculitis,0.49510666728019714,False,0.06779500842094421
data/SkinDisease/SkinDisease/test/DrugEruption/fixed-drug-eruption-55.jpeg,downscale_upscale_0.5x,Vasculitis,0.42731165885925293,Vascular_Tumors,0.6223718523979187,True,0.19506019353866577
data/SkinDisease/SkinDisease/test/DrugEruption/fixed-drug-eruption-55.jpeg,jpeg_quality_30,Vasculitis,0.42731165885925293,Benign_tumors,0.25555408000946045,True,-0.17175757884979248
data/SkinDisease/SkinDisease/test/SkinCancer/basal-cell-carcinoma-lesion-36.jpeg,brightness_+40%,SkinCancer,0.9990875720977783,SkinCancer,0.9997686743736267,False,0.0006811022758483887
data/SkinDisease/SkinDisease/test/SkinCancer/basal-cell-carcinoma-lesion-36.jpeg,contrast_+40%,SkinCancer,0.9990875720977783,SkinCancer,0.996351957321167,False,-0.002735614776611328
data/SkinDisease/SkinDisease/test/SkinCancer/basal-cell-carcinoma-lesion-36.jpeg,rotation_10deg,SkinCancer,0.9990875720977783,SkinCancer,0.999377429485321,False,0.0002898573875427246
data/SkinDisease/SkinDisease/test/SkinCancer/basal-cell-carcinoma-lesion-36.jpeg,downscale_upscale_0.5x,SkinCancer,0.9990875720977783,SkinCancer,0.9981219172477722,False,-0.0009656548500061035
data/SkinDisease/SkinDisease/test/SkinCancer/basal-cell-carcinoma-lesion-36.jpeg,jpeg_quality_30,SkinCancer,0.9990875720977783,SkinCancer,0.9980138540267944,False,-0.0010737180709838867
data/SkinDisease/SkinDisease/test/Vitiligo/vitiligo-30.jpeg,brightness_+40%,Vitiligo,0.9998682737350464,Vitiligo,0.9999196529388428,False,5.137920379638672e-05
data/SkinDisease/SkinDisease/test/Vitiligo/vitiligo-30.jpeg,contrast_+40%,Vitiligo,0.9998682737350464,Vitiligo,0.999942421913147,False,7.414817810058594e-05
data/SkinDisease/SkinDisease/test/Vitiligo/vitiligo-30.jpeg,rotation_10deg,Vitiligo,0.9998682737350464,Vitiligo,0.9999027252197266,False,3.445148468017578e-05
data/SkinDisease/SkinDisease/test/Vitiligo/vitiligo-30.jpeg,downscale_upscale_0.5x,Vitiligo,0.9998682737350464,Vitiligo,0.9999539852142334,False,8.571147918701172e-05
data/SkinDisease/SkinDisease/test/Vitiligo/vitiligo-30.jpeg,jpeg_quality_30,Vitiligo,0.9998682737350464,Vitiligo,0.999980092048645,False,0.00011181831359863281
data/SkinDisease/SkinDisease/test/Actinic_Keratosis/actinic-keratosis-face-12.jpeg,brightness_+40%,Actinic_Keratosis,0.9803116321563721,Actinic_Keratosis,0.8576858043670654,False,-0.12262582778930664
data/SkinDisease/SkinDisease/test/Actinic_Keratosis/actinic-keratosis-face-12.jpeg,contrast_+40%,Actinic_Keratosis,0.9803116321563721,Actinic_Keratosis,0.8416886329650879,False,-0.13862299919128418
data/SkinDisease/SkinDisease/test/Actinic_Keratosis/actinic-keratosis-face-12.jpeg,rotation_10deg,Actinic_Keratosis,0.9803116321563721,Actinic_Keratosis,0.9104910492897034,False,-0.0698205828666687
data/SkinDisease/SkinDisease/test/Actinic_Keratosis/actinic-keratosis-face-12.jpeg,downscale_upscale_0.5x,Actinic_Keratosis,0.9803116321563721,Actinic_Keratosis,0.9830247163772583,False,0.0027130842208862305
data/SkinDisease/SkinDisease/test/Actinic_Keratosis/actinic-keratosis-face-12.jpeg,jpeg_quality_30,Actinic_Keratosis,0.9803116321563721,Actinic_Keratosis,0.9755959510803223,False,-0.004715681076049805
data/SkinDisease/SkinDisease/test/SkinCancer/malignant-melanoma-84.jpeg,brightness_+40%,Vascular_Tumors,0.32749292254447937,Vascular_Tumors,0.742390513420105,False,0.4148975908756256
data/SkinDisease/SkinDisease/test/SkinCancer/malignant-melanoma-84.jpeg,contrast_+40%,Vascular_Tumors,0.32749292254447937,Warts,0.42601141333580017,True,0.0985184907913208
data/SkinDisease/SkinDisease/test/SkinCancer/malignant-melanoma-84.jpeg,rotation_10deg,Vascular_Tumors,0.32749292254447937,Warts,0.9849672913551331,True,0.6574743688106537
data/SkinDisease/SkinDisease/test/SkinCancer/malignant-melanoma-84.jpeg,downscale_upscale_0.5x,Vascular_Tumors,0.32749292254447937,Vascular_Tumors,0.5551877617835999,False,0.22769483923912048
data/SkinDisease/SkinDisease/test/SkinCancer/malignant-melanoma-84.jpeg,jpeg_quality_30,Vascular_Tumors,0.32749292254447937,SkinCancer,0.4581014811992645,True,0.13060855865478516
data/SkinDisease/SkinDisease/test/Eczema/eczema-lids-1.jpeg,brightness_+40%,Eczema,0.9518204927444458,Eczema,0.6958763003349304,False,-0.2559441924095154
data/SkinDisease/SkinDisease/test/Eczema/eczema-lids-1.jpeg,contrast_+40%,Eczema,0.9518204927444458,Benign_tumors,0.7452638149261475,True,-0.20655667781829834
data/SkinDisease/SkinDisease/test/Eczema/eczema-lids-1.jpeg,rotation_10deg,Eczema,0.9518204927444458,Eczema,0.9705586433410645,False,0.018738150596618652
data/SkinDisease/SkinDisease/test/Eczema/eczema-lids-1.jpeg,downscale_upscale_0.5x,Eczema,0.9518204927444458,Eczema,0.9066770672798157,False,-0.04514342546463013
data/SkinDisease/SkinDisease/test/Eczema/eczema-lids-1.jpeg,jpeg_quality_30,Eczema,0.9518204927444458,Eczema,0.36148279905319214,False,-0.5903376936912537
data/SkinDisease/SkinDisease/test/Bullous/diabetic-bullae-10.jpeg,brightness_+40%,Bullous,0.6599621772766113,Bullous,0.6378781795501709,False,-0.02208399772644043
data/SkinDisease/SkinDisease/test/Bullous/diabetic-bullae-10.jpeg,contrast_+40%,Bullous,0.6599621772766113,Bullous,0.9114192724227905,False,0.2514570951461792
data/SkinDisease/SkinDisease/test/Bullous/diabetic-bullae-10.jpeg,rotation_10deg,Bullous,0.6599621772766113,Bullous,0.6862872242927551,False,0.0263250470161438
data/SkinDisease/SkinDisease/test/Bullous/diabetic-bullae-10.jpeg,downscale_upscale_0.5x,Bullous,0.6599621772766113,Lichen,0.4953024685382843,True,-0.16465970873832703
data/SkinDisease/SkinDisease/test/Bullous/diabetic-bullae-10.jpeg,jpeg_quality_30,Bullous,0.6599621772766113,Bullous,0.49908339977264404,False,-0.16087877750396729
data/SkinDisease/SkinDisease/test/Vascular_Tumors/telangiectasias-22.jpeg,brightness_+40%,Vascular_Tumors,0.8257165551185608,Psoriasis,0.6137874722480774,True,-0.2119290828704834
data/SkinDisease/SkinDisease/test/Vascular_Tumors/telangiectasias-22.jpeg,contrast_+40%,Vascular_Tumors,0.8257165551185608,Vascular_Tumors,0.9044394493103027,False,0.07872289419174194
data/SkinDisease/SkinDisease/test/Vascular_Tumors/telangiectasias-22.jpeg,rotation_10deg,Vascular_Tumors,0.8257165551185608,Vascular_Tumors,0.9520004391670227,False,0.12628388404846191
data/SkinDisease/SkinDisease/test/Vascular_Tumors/telangiectasias-22.jpeg,downscale_upscale_0.5x,Vascular_Tumors,0.8257165551185608,Vascular_Tumors,0.9671124815940857,False,0.1413959264755249
data/SkinDisease/SkinDisease/test/Vascular_Tumors/telangiectasias-22.jpeg,jpeg_quality_30,Vascular_Tumors,0.8257165551185608,SkinCancer,0.9078195095062256,True,0.0821029543876648
